{
  "gemini-flash": {
    "individualist": {
      "spearman_rho": 0.6803344003260261,
      "mean_abs_distance": 1.1111111111111112
    },
    "collectivist": {
      "spearman_rho": 0.6681834425110114,
      "mean_abs_distance": 1.1973684210526316
    },
    "hierarchical": {
      "spearman_rho": 0.5167186433338227,
      "mean_abs_distance": 1.5555555555555556
    },
    "egalitarian": {
      "spearman_rho": 0.5483517971196116,
      "mean_abs_distance": 1.261744966442953
    },
    "neutral_to_centroid": {
      "spearman_rho": 0.6917803644543489,
      "mean_abs_distance": 0.8954248366013072
    }
  }
}