{
  "gemini-flash": {
    "model": "gemini-flash",
    "temperature_baseline": 0.7,
    "temperature_framings": {
      "individualist": 0.7,
      "collectivist": 0.7,
      "hierarchical": 0.7,
      "egalitarian": 0.7
    },
    "h1_domain_ordering": {
      "preregistered_ordering": "physical < institutional < moral",
      "preregistered_p_value": 0.16618167277507315,
      "preregistered_count": 2850536,
      "observed_ordering": "physical < institutional < moral",
      "observed_p_value": 0.16618167277507315,
      "observed_count": 2850536,
      "observed_strictly_ordered": true,
      "observed_drifts": {
        "physical": 1.05,
        "institutional": 1.563333333333333,
        "moral": 1.7483333333333335
      },
      "total_permutations": 17153136,
      "exact": true
    },
    "h2_framing_sensitivity": {
      "per_framing": [
        {
          "p_value": 0.025801238890385134,
          "observed_target_drift": 1.7333333333333334,
          "null_mean": 1.061437908496732,
          "null_std": 0.3125001123499307,
          "total_permutations": 18564,
          "exact": true,
          "framing": "individualist",
          "p_corrected": 0.08618367896579585,
          "significant": false
        },
        {
          "p_value": 0.02154591974144896,
          "observed_target_drift": 1.7866666666666664,
          "null_mean": 1.0143790849673202,
          "null_std": 0.3331826392677181,
          "total_permutations": 18564,
          "exact": true,
          "framing": "collectivist",
          "p_corrected": 0.08618367896579585,
          "significant": false
        },
        {
          "p_value": 0.29776461082682465,
          "observed_target_drift": 1.8533333333333337,
          "null_mean": 1.6169934640522876,
          "null_std": 0.4781451338458462,
          "total_permutations": 18564,
          "exact": true,
          "framing": "hierarchical",
          "p_corrected": 0.29776461082682465,
          "significant": false
        },
        {
          "p_value": 0.1377322919472125,
          "observed_target_drift": 1.6200000000000003,
          "null_mean": 1.1287581699346405,
          "null_std": 0.42892070090170553,
          "total_permutations": 18564,
          "exact": true,
          "framing": "egalitarian",
          "p_corrected": 0.275464583894425,
          "significant": false
        }
      ],
      "any_significant_after_correction": false
    },
    "h3_control_discrimination": {
      "nonsense_target_drift": 0.825,
      "cultural_mean_target_drift": 1.4569444444444444,
      "ratio": 0.5662535748331744,
      "passes_threshold": false
    },
    "effect_sizes": {
      "d_physical_vs_moral": 3.7082066154766933,
      "d_physical_vs_institutional": 1.211284890669723,
      "note": "Cohen's d computed from n=4 per group (one per cultural framing). Low-n estimates; interpret magnitude cautiously."
    }
  }
}