{
  "claude-sonnet/functional": {
    "neutral_variance": 0.6933333333333332,
    "framed_variance": 1.1822222222222223,
    "variance_ratio": 1.7051282051282055,
    "framed_mean": 4.466666666666667,
    "is_flattened": false
  },
  "claude-sonnet/enterprise": {
    "neutral_variance": 0.6933333333333332,
    "framed_variance": 0.5599999999999999,
    "variance_ratio": 0.8076923076923077,
    "framed_mean": 4.8,
    "is_flattened": false
  },
  "claude-sonnet/systems": {
    "neutral_variance": 0.6933333333333332,
    "framed_variance": 0.6222222222222221,
    "variance_ratio": 0.8974358974358974,
    "framed_mean": 4.666666666666667,
    "is_flattened": false
  },
  "claude-sonnet/startup": {
    "neutral_variance": 0.6933333333333332,
    "framed_variance": 0.1955555555555556,
    "variance_ratio": 0.28205128205128216,
    "framed_mean": 3.2666666666666666,
    "is_flattened": true
  },
  "claude-sonnet/irrelevant": {
    "neutral_variance": 0.6933333333333332,
    "framed_variance": 0.5955555555555557,
    "variance_ratio": 0.8589743589743594,
    "framed_mean": 4.933333333333334,
    "is_flattened": false
  },
  "claude-sonnet/nonsense": {
    "neutral_variance": 0.6933333333333332,
    "framed_variance": 2.9066666666666676,
    "variance_ratio": 4.192307692307694,
    "framed_mean": 4.4,
    "is_flattened": false
  },
  "gpt-4o/functional": {
    "neutral_variance": 0.9155555555555556,
    "framed_variance": 1.7955555555555551,
    "variance_ratio": 1.961165048543689,
    "framed_mean": 3.7333333333333334,
    "is_flattened": false
  },
  "gpt-4o/enterprise": {
    "neutral_variance": 0.9155555555555556,
    "framed_variance": 1.5288888888888892,
    "variance_ratio": 1.6699029126213596,
    "framed_mean": 3.933333333333333,
    "is_flattened": false
  },
  "gpt-4o/systems": {
    "neutral_variance": 0.9155555555555556,
    "framed_variance": 1.5288888888888892,
    "variance_ratio": 1.6699029126213596,
    "framed_mean": 3.933333333333333,
    "is_flattened": false
  },
  "gpt-4o/startup": {
    "neutral_variance": 0.9155555555555556,
    "framed_variance": 1.1020408163265307,
    "variance_ratio": 1.203685357638201,
    "framed_mean": 3.5714285714285716,
    "is_flattened": false
  },
  "gpt-4o/irrelevant": {
    "neutral_variance": 0.9155555555555556,
    "framed_variance": 1.982222222222222,
    "variance_ratio": 2.1650485436893203,
    "framed_mean": 3.533333333333333,
    "is_flattened": false
  },
  "gpt-4o/nonsense": {
    "neutral_variance": 0.9155555555555556,
    "framed_variance": 2.6666666666666665,
    "variance_ratio": 2.9126213592233006,
    "framed_mean": 4.0,
    "is_flattened": false
  }
}